[
    {
      "capitalCity": "Kabul",
      "country": "Afghanistan",
      "isoCode3": "AFG",
      "isoCode2": "AF",
      "currencyCode": "AFN"
    },
    {
      "capitalCity": "Tirana",
      "country": "Albania",
      "isoCode3": "ALB",
      "isoCode2": "AL",
      "currencyCode": "ALL"
    },
    {
      "capitalCity": "Algiers",
      "country": "Algeria",
      "isoCode3": "DZA",
      "isoCode2": "DZ",
      "currencyCode": "DZD"
    },
    {
      "capitalCity": "Andorra la Vella",
      "country": "Andorra",
      "isoCode3": "AND",
      "isoCode2": "AD",
      "currencyCode": "EUR"
    },
    {
      "capitalCity": "Luanda",
      "country": "Angola",
      "isoCode3": "AGO",
      "isoCode2": "AO",
      "currencyCode": "AOA"
    },
    {
      "capitalCity": "Saint John's",
      "country": "Antigua and Barbuda",
      "isoCode3": "ATG",
      "isoCode2": "AG",
      "currencyCode": "XCD"
    },
    {
      "capitalCity": "Buenos Aires",
      "country": "Argentina",
      "isoCode3": "ARG",
      "isoCode2": "AR",
      "currencyCode": "ARS"
    },
    {
      "capitalCity": "Yerevan",
      "country": "Armenia",
      "isoCode3": "ARM",
      "isoCode2": "AM",
      "currencyCode": "AMD"
    },
    {
      "capitalCity": "Canberra",
      "country": "Australia",
      "isoCode3": "AUS",
      "isoCode2": "AU",
      "currencyCode": "AUD"
    },
    {
      "capitalCity": "Vienna",
      "country": "Austria",
      "isoCode3": "AUT",
      "isoCode2": "AT",
      "currencyCode": "EUR"
    },
    {
      "capitalCity": "Baku",
      "country": "Azerbaijan",
      "isoCode3": "AZE",
      "isoCode2": "AZ",
      "currencyCode": "AZN"
    },
    {
      "capitalCity": "Nassau",
      "country": "Bahamas",
      "isoCode3": "BHS",
      "isoCode2": "BS",
      "currencyCode": "BSD"
    },
    {
      "capitalCity": "Manama",
      "country": "Bahrain",
      "isoCode3": "BHR",
      "isoCode2": "BH",
      "currencyCode": "BHD"
    },
    {
      "capitalCity": "Dhaka",
      "country": "Bangladesh",
      "isoCode3": "BGD",
      "isoCode2": "BD",
      "currencyCode": "BDT"
    },
    {
      "capitalCity": "Bridgetown",
      "country": "Barbados",
      "isoCode3": "BRB",
      "isoCode2": "BB",
      "currencyCode": "BBD"
    },
    {
      "capitalCity": "Minsk",
      "country": "Belarus",
      "isoCode3": "BLR",
      "isoCode2": "BY",
      "currencyCode": "BYN"
    },
    {
      "capitalCity": "Brussels",
      "country": "Belgium",
      "isoCode3": "BEL",
      "isoCode2": "BE",
      "currencyCode": "EUR"
    },
    {
      "capitalCity": "Belmopan",
      "country": "Belize",
      "isoCode3": "BLZ",
      "isoCode2": "BZ",
      "currencyCode": "BZD"
    },
    {
      "capitalCity": "Porto-Novo",
      "country": "Benin",
      "isoCode3": "BEN",
      "isoCode2": "BJ",
      "currencyCode": "XOF"
    },
    {
      "capitalCity": "Thimphu",
      "country": "Bhutan",
      "isoCode3": "BTN",
      "isoCode2": "BT",
      "currencyCode": "BTN"
    },
    {
      "capitalCity": "Sucre",
      "country": "Bolivia",
      "isoCode3": "BOL",
      "isoCode2": "BO",
      "currencyCode": "BOB"
    },
    {
      "capitalCity": "Sarajevo",
      "country": "Bosnia and Herzegovina",
      "isoCode3": "BIH",
      "isoCode2": "BA",
      "currencyCode": "BAM"
    },
    {
      "capitalCity": "Gaborone",
      "country": "Botswana",
      "isoCode3": "BWA",
      "isoCode2": "BW",
      "currencyCode": "BWP"
    },
    {
      "capitalCity": "Brasília",
      "country": "Brazil",
      "isoCode3": "BRA",
      "isoCode2": "BR",
      "currencyCode": "BRL"
    },
    {
      "capitalCity": "Bandar Seri Begawan",
      "country": "Brunei",
      "isoCode3": "BRN",
      "isoCode2": "BN",
      "currencyCode": "BND"
    },
    {
      "capitalCity": "Sofia",
      "country": "Bulgaria",
      "isoCode3": "BGR",
      "isoCode2": "BG",
      "currencyCode": "BGN"
    },
    {
      "capitalCity": "Ouagadougou",
      "country": "Burkina Faso",
      "isoCode3": "BFA",
      "isoCode2": "BF",
      "currencyCode": "XOF"
    },
    {
      "capitalCity": "Gitega",
      "country": "Burundi",
      "isoCode3": "BDI",
      "isoCode2": "BI",
      "currencyCode": "BIF"
    },
    {
      "capitalCity": "Praia",
      "country": "Cabo Verde",
      "isoCode3": "CPV",
      "isoCode2": "CV",
      "currencyCode": "CVE"
    },
    {
      "capitalCity": "Phnom Penh",
      "country": "Cambodia",
      "isoCode3": "KHM",
      "isoCode2": "KH",
      "currencyCode": "KHR"
    },
    {
      "capitalCity": "Yaoundé",
      "country": "Cameroon",
      "isoCode3": "CMR",
      "isoCode2": "CM",
      "currencyCode": "XAF"
    },
    {
      "capitalCity": "Ottawa",
      "country": "Canada",
      "isoCode3": "CAN",
      "isoCode2": "CA",
      "currencyCode": "CAD"
    },
    {
      "capitalCity": "Bangui",
      "country": "Central African Republic",
      "isoCode3": "CAF",
      "isoCode2": "CF",
      "currencyCode": "XAF"
    },
    {
      "capitalCity": "N'Djamena",
      "country": "Chad",
      "isoCode3": "TCD",
      "isoCode2": "TD",
      "currencyCode": "XAF"
    },
    {
      "capitalCity": "Santiago",
      "country": "Chile",
      "isoCode3": "CHL",
      "isoCode2": "CL",
      "currencyCode": "CLP"
    },
    {
      "capitalCity": "Beijing",
      "country": "China",
      "isoCode3": "CHN",
      "isoCode2": "CN",
      "currencyCode": "CNY"
    },
    {
      "capitalCity": "Bogotá",
      "country": "Colombia",
      "isoCode3": "COL",
      "isoCode2": "CO",
      "currencyCode": "COP"
    },
    {
      "capitalCity": "Moroni",
      "country": "Comoros",
      "isoCode3": "COM",
      "isoCode2": "KM",
      "currencyCode": "KMF"
    },
    {
      "capitalCity": "Kinshasa",
      "country": "Congo, Democratic Republic",
      "isoCode3": "COD",
      "isoCode2": "CD",
      "currencyCode": "CDF"
    },
    {
      "capitalCity": "Brazzaville",
      "country": "Congo, Republic of",
      "isoCode3": "COG",
      "isoCode2": "CG",
      "currencyCode": "XAF"
    },
    {
      "capitalCity": "San José",
      "country": "Costa Rica",
      "isoCode3": "CRI",
      "isoCode2": "CR",
      "currencyCode": "CRC"
    },
    {
      "capitalCity": "Zagreb",
      "country": "Croatia",
      "isoCode3": "HRV",
      "isoCode2": "HR",
      "currencyCode": "EUR"
    },
    {
      "capitalCity": "Havana",
      "country": "Cuba",
      "isoCode3": "CUB",
      "isoCode2": "CU",
      "currencyCode": "CUP"
    },
    {
      "capitalCity": "Nicosia",
      "country": "Cyprus",
      "isoCode3": "CYP",
      "isoCode2": "CY",
      "currencyCode": "EUR"
    },
    {
      "capitalCity": "Prague",
      "country": "Czech Republic",
      "isoCode3": "CZE",
      "isoCode2": "CZ",
      "currencyCode": "CZK"
    },
    {
      "capitalCity": "Copenhagen",
      "country": "Denmark",
      "isoCode3": "DNK",
      "isoCode2": "DK",
      "currencyCode": "DKK"
    },
    {
      "capitalCity": "Djibouti (city)",
      "country": "Djibouti",
      "isoCode3": "DJI",
      "isoCode2": "DJ",
      "currencyCode": "DJF"
    },
    {
      "capitalCity": "Roseau",
      "country": "Dominica",
      "isoCode3": "DMA",
      "isoCode2": "DM",
      "currencyCode": "XCD"
    },
    {
      "capitalCity": "Santo Domingo",
      "country": "Dominican Republic",
      "isoCode3": "DOM",
      "isoCode2": "DO",
      "currencyCode": "DOP"
    },
    {
      "capitalCity": "Quito",
      "country": "Ecuador",
      "isoCode3": "ECU",
      "isoCode2": "EC",
      "currencyCode": "USD"
    },
    {
      "capitalCity": "Cairo",
      "country": "Egypt",
      "isoCode3": "EGY",
      "isoCode2": "EG",
      "currencyCode": "EGP"
    },
    {
      "capitalCity": "San Salvador",
      "country": "El Salvador",
      "isoCode3": "SLV",
      "isoCode2": "SV",
      "currencyCode": "USD"
    },
    {
      "capitalCity": "Malabo",
      "country": "Equatorial Guinea",
      "isoCode3": "GNQ",
      "isoCode2": "GQ",
      "currencyCode": "XAF"
    },
    {
      "capitalCity": "Asmara",
      "country": "Eritrea",
      "isoCode3": "ERI",
      "isoCode2": "ER",
      "currencyCode": "ERN"
    },
    {
      "capitalCity": "Tallinn",
      "country": "Estonia",
      "isoCode3": "EST",
      "isoCode2": "EE",
      "currencyCode": "EUR"
    },
    {
      "capitalCity": "Mbabane (administrative), Lobamba (royal)",
      "country": "Eswatini",
      "isoCode3": "SWZ",
      "isoCode2": "SZ",
      "currencyCode": "SZL"
    },
    {
      "capitalCity": "Addis Ababa",
      "country": "Ethiopia",
      "isoCode3": "ETH",
      "isoCode2": "ET",
      "currencyCode": "ETB"
    },
    {
      "capitalCity": "Suva",
      "country": "Fiji",
      "isoCode3": "FJI",
      "isoCode2": "FJ",
      "currencyCode": "FJD"
    },
    {
      "capitalCity": "Helsinki",
      "country": "Finland",
      "isoCode3": "FIN",
      "isoCode2": "FI",
      "currencyCode": "EUR"
    },
    {
      "capitalCity": "Paris",
      "country": "France",
      "isoCode3": "FRA",
      "isoCode2": "FR",
      "currencyCode": "EUR"
    },
    {
      "capitalCity": "Libreville",
      "country": "Gabon",
      "isoCode3": "GAB",
      "isoCode2": "GA",
      "currencyCode": "XAF"
    },
    {
      "capitalCity": "Banjul",
      "country": "Gambia",
      "isoCode3": "GMB",
      "isoCode2": "GM",
      "currencyCode": "GMD"
    },
    {
      "capitalCity": "Tbilisi",
      "country": "Georgia",
      "isoCode3": "GEO",
      "isoCode2": "GE",
      "currencyCode": "GEL"
    },
    {
      "capitalCity": "Berlin",
      "country": "Germany",
      "isoCode3": "DEU",
      "isoCode2": "DE",
      "currencyCode": "EUR"
    },
    {
      "capitalCity": "Accra",
      "country": "Ghana",
      "isoCode3": "GHA",
      "isoCode2": "GH",
      "currencyCode": "GHS"
    },
    {
      "capitalCity": "Athens",
      "country": "Greece",
      "isoCode3": "GRC",
      "isoCode2": "GR",
      "currencyCode": "EUR"
    },
    {
      "capitalCity": "St. George's",
      "country": "Grenada",
      "isoCode3": "GRD",
      "isoCode2": "GD",
      "currencyCode": "XCD"
    },
    {
      "capitalCity": "Guatemala City",
      "country": "Guatemala",
      "isoCode3": "GTM",
      "isoCode2": "GT",
      "currencyCode": "GTQ"
    },
    {
      "capitalCity": "Conakry",
      "country": "Guinea",
      "isoCode3": "GIN",
      "isoCode2": "GN",
      "currencyCode": "GNF"
    },
    {
      "capitalCity": "Bissau",
      "country": "Guinea-Bissau",
      "isoCode3": "GNB",
      "isoCode2": "GW",
      "currencyCode": "XOF"
    },
    {
      "capitalCity": "Georgetown",
      "country": "Guyana",
      "isoCode3": "GUY",
      "isoCode2": "GY",
      "currencyCode": "GYD"
    },
    {
      "capitalCity": "Port-au-Prince",
      "country": "Haiti",
      "isoCode3": "HTI",
      "isoCode2": "HT",
      "currencyCode": "HTG"
    },
    {
      "capitalCity": "Tegucigalpa",
      "country": "Honduras",
      "isoCode3": "HND",
      "isoCode2": "HN",
      "currencyCode": "HNL"
    },
    {
      "capitalCity": "Budapest",
      "country": "Hungary",
      "isoCode3": "HUN",
      "isoCode2": "HU",
      "currencyCode": "HUF"
    },
    {
      "capitalCity": "Reykjavik",
      "country": "Iceland",
      "isoCode3": "ISL",
      "isoCode2": "IS",
      "currencyCode": "ISK"
    },
    {
      "capitalCity": "New Delhi",
      "country": "India",
      "isoCode3": "IND",
      "isoCode2": "IN",
      "currencyCode": "INR"
    },
    {
      "capitalCity": "Jakarta",
      "country": "Indonesia",
      "isoCode3": "IDN",
      "isoCode2": "ID",
      "currencyCode": "IDR"
    },
    {
      "capitalCity": "Tehran",
      "country": "Iran",
      "isoCode3": "IRN",
      "isoCode2": "IR",
      "currencyCode": "IRR"
    },
    {
      "capitalCity": "Baghdad",
      "country": "Iraq",
      "isoCode3": "IRQ",
      "isoCode2": "IQ",
      "currencyCode": "IQD"
    },
    {
      "capitalCity": "Dublin",
      "country": "Ireland",
      "isoCode3": "IRL",
      "isoCode2": "IE",
      "currencyCode": "EUR"
    },
    {
      "capitalCity": "Jerusalem",
      "country": "Israel",
      "isoCode3": "ISR",
      "isoCode2": "IL",
      "currencyCode": "ILS"
    },
    {
      "capitalCity": "Rome",
      "country": "Italy",
      "isoCode3": "ITA",
      "isoCode2": "IT",
      "currencyCode": "EUR"
    },
    {
      "capitalCity": "Kingston",
      "country": "Jamaica",
      "isoCode3": "JAM",
      "isoCode2": "JM",
      "currencyCode": "JMD"
    },
    {
      "capitalCity": "Tokyo",
      "country": "Japan",
      "isoCode3": "JPN",
      "isoCode2": "JP",
      "currencyCode": "JPY"
    },
    {
      "capitalCity": "Amman",
      "country": "Jordan",
      "isoCode3": "JOR",
      "isoCode2": "JO",
      "currencyCode": "JOD"
    },
    {
      "capitalCity": "Nur-Sultan",
      "country": "Kazakhstan",
      "isoCode3": "KAZ",
      "isoCode2": "KZ",
      "currencyCode": "KZT"
    },
    {
      "capitalCity": "Nairobi",
      "country": "Kenya",
      "isoCode3": "KEN",
      "isoCode2": "KE",
      "currencyCode": "KES"
    },
    {
      "capitalCity": "South Tarawa",
      "country": "Kiribati",
      "isoCode3": "KIR",
      "isoCode2": "KI",
      "currencyCode": "AUD"
    },
    {
      "capitalCity": "Pyongyang",
      "country": "Korea, North",
      "isoCode3": "PRK",
      "isoCode2": "KP",
      "currencyCode": "KPW"
    },
    {
      "capitalCity": "Seoul",
      "country": "Korea, South",
      "isoCode3": "KOR",
      "isoCode2": "KR",
      "currencyCode": "KRW"
    },
    {
      "capitalCity": "Pristina",
      "country": "Kosovo",
      "isoCode3": "XKX",
      "isoCode2": "XK",
      "currencyCode": "EUR"
    },
    {
      "capitalCity": "Kuwait City",
      "country": "Kuwait",
      "isoCode3": "KWT",
      "isoCode2": "KW",
      "currencyCode": "KWD"
    },
    {
      "capitalCity": "Bishkek",
      "country": "Kyrgyzstan",
      "isoCode3": "KGZ",
      "isoCode2": "KG",
      "currencyCode": "KGS"
    },
    {
      "capitalCity": "Vientiane",
      "country": "Laos",
      "isoCode3": "LAO",
      "isoCode2": "LA",
      "currencyCode": "LAK"
    },
    {
      "capitalCity": "Riga",
      "country": "Latvia",
      "isoCode3": "LVA",
      "isoCode2": "LV",
      "currencyCode": "EUR"
    },
    {
      "capitalCity": "Beirut",
      "country": "Lebanon",
      "isoCode3": "LBN",
      "isoCode2": "LB",
      "currencyCode": "LBP"
    },
    {
      "capitalCity": "Maseru",
      "country": "Lesotho",
      "isoCode3": "LSO",
      "isoCode2": "LS",
      "currencyCode": "LSL"
    },
    {
      "capitalCity": "Monrovia",
      "country": "Liberia",
      "isoCode3": "LBR",
      "isoCode2": "LR",
      "currencyCode": "LRD"
    },
    {
      "capitalCity": "Tripoli",
      "country": "Libya",
      "isoCode3": "LBY",
      "isoCode2": "LY",
      "currencyCode": "LYD"
    },
    {
      "capitalCity": "Vaduz",
      "country": "Liechtenstein",
      "isoCode3": "LIE",
      "isoCode2": "LI",
      "currencyCode": "CHF"
    },
    {
      "capitalCity": "Vilnius",
      "country": "Lithuania",
      "isoCode3": "LTU",
      "isoCode2": "LT",
      "currencyCode": "EUR"
    },
    {
      "capitalCity": "Luxembourg (city)",
      "country": "Luxembourg",
      "isoCode3": "LUX",
      "isoCode2": "LU",
      "currencyCode": "EUR"
    },
    {
      "capitalCity": "Antananarivo",
      "country": "Madagascar",
      "isoCode3": "MDG",
      "isoCode2": "MG",
      "currencyCode": "MGA"
    },
    {
      "capitalCity": "Lilongwe",
      "country": "Malawi",
      "isoCode3": "MWI",
      "isoCode2": "MW",
      "currencyCode": "MWK"
    },
    {
      "capitalCity": "Kuala Lumpur",
      "country": "Malaysia",
      "isoCode3": "MYS",
      "isoCode2": "MY",
      "currencyCode": "MYR"
    },
    {
      "capitalCity": "Malé",
      "country": "Maldives",
      "isoCode3": "MDV",
      "isoCode2": "MV",
      "currencyCode": "MVR"
    },
    {
      "capitalCity": "Bamako",
      "country": "Mali",
      "isoCode3": "MLI",
      "isoCode2": "ML",
      "currencyCode": "XOF"
    },
    {
      "capitalCity": "Valletta",
      "country": "Malta",
      "isoCode3": "MLT",
      "isoCode2": "MT",
      "currencyCode": "EUR"
    },
    {
      "capitalCity": "Majuro",
      "country": "Marshall Islands",
      "isoCode3": "MHL",
      "isoCode2": "MH",
      "currencyCode": "USD"
    },
    {
      "capitalCity": "Nouakchott",
      "country": "Mauritania",
      "isoCode3": "MRT",
      "isoCode2": "MR",
      "currencyCode": "MRU"
    },
    {
      "capitalCity": "Port Louis",
      "country": "Mauritius",
      "isoCode3": "MUS",
      "isoCode2": "MU",
      "currencyCode": "MUR"
    },
    {
      "capitalCity": "Mexico City",
      "country": "Mexico",
      "isoCode3": "MEX",
      "isoCode2": "MX",
      "currencyCode": "MXN"
    },
    {
      "capitalCity": "Palikir",
      "country": "Micronesia",
      "isoCode3": "FSM",
      "isoCode2": "FM",
      "currencyCode": "USD"
    },
    {
      "capitalCity": "Chisinau",
      "country": "Moldova",
      "isoCode3": "MDA",
      "isoCode2": "MD",
      "currencyCode": "MDL"
    },
    {
      "capitalCity": "Monaco (city-state)",
      "country": "Monaco",
      "isoCode3": "MCO",
      "isoCode2": "MC",
      "currencyCode": "EUR"
    },
    {
      "capitalCity": "Ulaanbaatar",
      "country": "Mongolia",
      "isoCode3": "MNG",
      "isoCode2": "MN",
      "currencyCode": "MNT"
    },
    {
      "capitalCity": "Podgorica",
      "country": "Montenegro",
      "isoCode3": "MNE",
      "isoCode2": "ME",
      "currencyCode": "EUR"
    },
    {
      "capitalCity": "Rabat",
      "country": "Morocco",
      "isoCode3": "MAR",
      "isoCode2": "MA",
      "currencyCode": "MAD"
    },
    {
      "capitalCity": "Maputo",
      "country": "Mozambique",
      "isoCode3": "MOZ",
      "isoCode2": "MZ",
      "currencyCode": "MZN"
    },
    {
      "capitalCity": "Nay Pyi Taw",
      "country": "Myanmar",
      "isoCode3": "MMR",
      "isoCode2": "MM",
      "currencyCode": "MMK"
    },
    {
      "capitalCity": "Windhoek",
      "country": "Namibia",
      "isoCode3": "NAM",
      "isoCode2": "NA",
      "currencyCode": "NAD"
    },
    {
      "capitalCity": "Yaren (de facto)",
      "country": "Nauru",
      "isoCode3": "NRU",
      "isoCode2": "NR",
      "currencyCode": "AUD"
    },
    {
      "capitalCity": "Kathmandu",
      "country": "Nepal",
      "isoCode3": "NPL",
      "isoCode2": "NP",
      "currencyCode": "NPR"
    },
    {
      "capitalCity": "Amsterdam",
      "country": "Netherlands",
      "isoCode3": "NLD",
      "isoCode2": "NL",
      "currencyCode": "EUR"
    },
    {
      "capitalCity": "Wellington",
      "country": "New Zealand",
      "isoCode3": "NZL",
      "isoCode2": "NZ",
      "currencyCode": "NZD"
    },
    {
      "capitalCity": "Managua",
      "country": "Nicaragua",
      "isoCode3": "NIC",
      "isoCode2": "NI",
      "currencyCode": "NIO"
    },
    {
      "capitalCity": "Niamey",
      "country": "Niger",
      "isoCode3": "NER",
      "isoCode2": "NE",
      "currencyCode": "XOF"
    },
    {
      "capitalCity": "Abuja",
      "country": "Nigeria",
      "isoCode3": "NGA",
      "isoCode2": "NG",
      "currencyCode": "NGN"
    },
    {
      "capitalCity": "Skopje",
      "country": "North Macedonia",
      "isoCode3": "MKD",
      "isoCode2": "MK",
      "currencyCode": "MKD"
    },
    {
      "capitalCity": "Oslo",
      "country": "Norway",
      "isoCode3": "NOR",
      "isoCode2": "NO",
      "currencyCode": "NOK"
    },
    {
      "capitalCity": "Muscat",
      "country": "Oman",
      "isoCode3": "OMN",
      "isoCode2": "OM",
      "currencyCode": "OMR"
    },
    {
      "capitalCity": "Islamabad",
      "country": "Pakistan",
      "isoCode3": "PAK",
      "isoCode2": "PK",
      "currencyCode": "PKR"
    },
    {
      "capitalCity": "Ngerulmud",
      "country": "Palau",
      "isoCode3": "PLW",
      "isoCode2": "PW",
      "currencyCode": "USD"
    },
    {
      "capitalCity": "Panama City",
      "country": "Panama",
      "isoCode3": "PAN",
      "isoCode2": "PA",
      "currencyCode": "PAB"
    },
    {
      "capitalCity": "Port Moresby",
      "country": "Papua New Guinea",
      "isoCode3": "PNG",
      "isoCode2": "PG",
      "currencyCode": "PGK"
    },
    {
      "capitalCity": "Asunción",
      "country": "Paraguay",
      "isoCode3": "PRY",
      "isoCode2": "PY",
      "currencyCode": "PYG"
    },
    {
      "capitalCity": "Lima",
      "country": "Peru",
      "isoCode3": "PER",
      "isoCode2": "PE",
      "currencyCode": "PEN"
    },
    {
      "capitalCity": "Manila",
      "country": "Philippines",
      "isoCode3": "PHL",
      "isoCode2": "PH",
      "currencyCode": "PHP"
    },
    {
      "capitalCity": "Warsaw",
      "country": "Poland",
      "isoCode3": "POL",
      "isoCode2": "PL",
      "currencyCode": "PLN"
    },
    {
      "capitalCity": "Lisbon",
      "country": "Portugal",
      "isoCode3": "PRT",
      "isoCode2": "PT",
      "currencyCode": "EUR"
    },
    {
      "capitalCity": "Doha",
      "country": "Qatar",
      "isoCode3": "QAT",
      "isoCode2": "QA",
      "currencyCode": "QAR"
    },
    {
      "capitalCity": "Bucharest",
      "country": "Romania",
      "isoCode3": "ROU",
      "isoCode2": "RO",
      "currencyCode": "RON"
    },
    {
      "capitalCity": "Moscow",
      "country": "Russia",
      "isoCode3": "RUS",
      "isoCode2": "RU",
      "currencyCode": "RUB"
    },
    {
      "capitalCity": "Kigali",
      "country": "Rwanda",
      "isoCode3": "RWA",
      "isoCode2": "RW",
      "currencyCode": "RWF"
    },
    {
      "capitalCity": "Basseterre",
      "country": "Saint Kitts and Nevis",
      "isoCode3": "KNA",
      "isoCode2": "KN",
      "currencyCode": "XCD"
    },
    {
      "capitalCity": "Castries",
      "country": "Saint Lucia",
      "isoCode3": "LCA",
      "isoCode2": "LC",
      "currencyCode": "XCD"
    },
    {
      "capitalCity": "Kingstown",
      "country": "Saint Vincent and the Grenadines",
      "isoCode3": "VCT",
      "isoCode2": "VC",
      "currencyCode": "XCD"
    },
    {
      "capitalCity": "Apia",
      "country": "Samoa",
      "isoCode3": "WSM",
      "isoCode2": "WS",
      "currencyCode": "WST"
    },
    {
      "capitalCity": "San Marino (city-state)",
      "country": "San Marino",
      "isoCode3": "SMR",
      "isoCode2": "SM",
      "currencyCode": "EUR"
    },
    {
      "capitalCity": "São Tomé",
      "country": "São Tomé and Príncipe",
      "isoCode3": "STP",
      "isoCode2": "ST",
      "currencyCode": "STN"
    },
    {
      "capitalCity": "Riyadh",
      "country": "Saudi Arabia",
      "isoCode3": "SAU",
      "isoCode2": "SA",
      "currencyCode": "SAR"
    },
    {
      "capitalCity": "Dakar",
      "country": "Senegal",
      "isoCode3": "SEN",
      "isoCode2": "SN",
      "currencyCode": "XOF"
    },
    {
      "capitalCity": "Belgrade",
      "country": "Serbia",
      "isoCode3": "SRB",
      "isoCode2": "RS",
      "currencyCode": "RSD"
    },
    {
      "capitalCity": "Victoria",
      "country": "Seychelles",
      "isoCode3": "SYC",
      "isoCode2": "SC",
      "currencyCode": "SCR"
    },
    {
      "capitalCity": "Freetown",
      "country": "Sierra Leone",
      "isoCode3": "SLE",
      "isoCode2": "SL",
      "currencyCode": "SLL"
    },
    {
      "capitalCity": "Singapore (city-state)",
      "country": "Singapore",
      "isoCode3": "SGP",
      "isoCode2": "SG",
      "currencyCode": "SGD"
    },
    {
      "capitalCity": "Bratislava",
      "country": "Slovakia",
      "isoCode3": "SVK",
      "isoCode2": "SK",
      "currencyCode": "EUR"
    },
    {
      "capitalCity": "Ljubljana",
      "country": "Slovenia",
      "isoCode3": "SVN",
      "isoCode2": "SI",
      "currencyCode": "EUR"
    },
    {
      "capitalCity": "Honiara",
      "country": "Solomon Islands",
      "isoCode3": "SLB",
      "isoCode2": "SB",
     
  
   "currencyCode": "SBD"
    },
    {
      "capitalCity": "Mogadishu",
      "country": "Somalia",
      "isoCode3": "SOM",
      "isoCode2": "SO",
      "currencyCode": "SOS"
    },
    {
      "capitalCity": "Pretoria (administrative); Cape Town (legislative); Bloemfontein (judicial)",
      "country": "South Africa",
      "isoCode3": "ZAF",
      "isoCode2": "ZA",
      "currencyCode": "ZAR"
    },
    {
      "capitalCity": "Juba",
      "country": "South Sudan",
      "isoCode3": "SSD",
      "isoCode2": "SS",
      "currencyCode": "SSP"
    },
    {
      "capitalCity": "Madrid",
      "country": "Spain",
      "isoCode3": "ESP",
      "isoCode2": "ES",
      "currencyCode": "EUR"
    },
    {
      "capitalCity": "Colombo (commercial); Sri Jayawardenepura Kotte (legislative)",
      "country": "Sri Lanka",
      "isoCode3": "LKA",
      "isoCode2": "LK",
      "currencyCode": "LKR"
    },
    {
      "capitalCity": "Khartoum",
      "country": "Sudan",
      "isoCode3": "SDN",
      "isoCode2": "SD",
      "currencyCode": "SDG"
    },
    {
      "capitalCity": "Paramaribo",
      "country": "Suriname",
      "isoCode3": "SUR",
      "isoCode2": "SR",
      "currencyCode": "SRD"
    },
    {
      "capitalCity": "Stockholm",
      "country": "Sweden",
      "isoCode3": "SWE",
      "isoCode2": "SE",
      "currencyCode": "SEK"
    },
    {
      "capitalCity": "Bern",
      "country": "Switzerland",
      "isoCode3": "CHE",
      "isoCode2": "CH",
      "currencyCode": "CHF"
    },
    {
      "capitalCity": "Damascus",
      "country": "Syria",
      "isoCode3": "SYR",
      "isoCode2": "SY",
      "currencyCode": "SYP"
    },
    {
      "capitalCity": "Taipei",
      "country": "Taiwan",
      "isoCode3": "TWN",
      "isoCode2": "TW",
      "currencyCode": "TWD"
    },
    {
      "capitalCity": "Dushanbe",
      "country": "Tajikistan",
      "isoCode3": "TJK",
      "isoCode2": "TJ",
      "currencyCode": "TJS"
    },
    {
      "capitalCity": "Dodoma",
      "country": "Tanzania",
      "isoCode3": "TZA",
      "isoCode2": "TZ",
      "currencyCode": "TZS"
    },
    {
      "capitalCity": "Bangkok",
      "country": "Thailand",
      "isoCode3": "THA",
      "isoCode2": "TH",
      "currencyCode": "THB"
    },
    {
      "capitalCity": "Lomé",
      "country": "Togo",
      "isoCode3": "TGO",
      "isoCode2": "TG",
      "currencyCode": "XOF"
    },
    {
      "capitalCity": "Nukuʻalofa",
      "country": "Tonga",
      "isoCode3": "TON",
      "isoCode2": "TO",
      "currencyCode": "TOP"
    },
    {
      "capitalCity": "Port of Spain",
      "country": "Trinidad and Tobago",
      "isoCode3": "TTO",
      "isoCode2": "TT",
      "currencyCode": "TTD"
    },
    {
      "capitalCity": "Tunis",
      "country": "Tunisia",
      "isoCode3": "TUN",
      "isoCode2": "TN",
      "currencyCode": "TND"
    },
    {
      "capitalCity": "Ankara",
      "country": "Turkey",
      "isoCode3": "TUR",
      "isoCode2": "TR",
      "currencyCode": "TRY"
    },
    {
      "capitalCity": "Ashgabat",
      "country": "Turkmenistan",
      "isoCode3": "TKM",
      "isoCode2": "TM",
      "currencyCode": "TMT"
    },
    {
      "capitalCity": "Funafuti",
      "country": "Tuvalu",
      "isoCode3": "TUV",
      "isoCode2": "TV",
      "currencyCode": "AUD"
    },
    {
      "capitalCity": "Kampala",
      "country": "Uganda",
      "isoCode3": "UGA",
      "isoCode2": "UG",
      "currencyCode": "UGX"
    },
    {
      "capitalCity": "Kyiv",
      "country": "Ukraine",
      "isoCode3": "UKR",
      "isoCode2": "UA",
      "currencyCode": "UAH"
    },
    {
      "capitalCity": "Abu Dhabi",
      "country": "United Arab Emirates",
      "isoCode3": "ARE",
      "isoCode2": "AE",
      "currencyCode": "AED"
    },
    {
      "capitalCity": "London",
      "country": "United Kingdom",
      "isoCode3": "GBR",
      "isoCode2": "GB",
      "currencyCode": "GBP"
    },
    {
      "capitalCity": "Washington, D.C.",
      "country": "United States of America",
      "isoCode3": "USA",
      "isoCode2": "US",
      "currencyCode": "USD"
    },
    {
      "capitalCity": "Montevideo",
      "country": "Uruguay",
      "isoCode3": "URY",
      "isoCode2": "UY",
      "currencyCode": "UYU"
    },
    {
      "capitalCity": "Tashkent",
      "country": "Uzbekistan",
      "isoCode3": "UZB",
      "isoCode2": "UZ",
      "currencyCode": "UZS"
    },
    {
      "capitalCity": "Port Vila",
      "country": "Vanuatu",
      "isoCode3": "VUT",
      "isoCode2": "VU",
      "currencyCode": "VUV"
    },
    {
      "capitalCity": "Vatican City (city-state)",
      "country": "Vatican City",
      "isoCode3": "VAT",
      "isoCode2": "VA",
      "currencyCode": "EUR"
    },
    {
      "capitalCity": "Caracas",
      "country": "Venezuela",
      "isoCode3": "VEN",
      "isoCode2": "VE",
      "currencyCode": "VES"
    },
    {
      "capitalCity": "Hanoi",
      "country": "Vietnam",
      "isoCode3": "VNM",
      "isoCode2": "VN",
      "currencyCode": "VND"
    },
    {
      "capitalCity": "Sanaa",
      "country": "Yemen",
      "isoCode3": "YEM",
      "isoCode2": "YE",
      "currencyCode": "YER"
    },
    {
      "capitalCity": "Lusaka",
      "country": "Zambia",
      "isoCode3": "ZMB",
      "isoCode2": "ZM",
      "currencyCode": "ZMW"
    },
    {
      "capitalCity": "Harare",
      "country": "Zimbabwe",
      "isoCode3": "ZWE",
      "isoCode2": "ZW",
      "currencyCode": "ZWL"
    }
  ]