[
  {
    "id": "trip_A2rdJ7nN8kJ3fHA25T4gd",
    "details": {
      "budgetTotal": 255000,
      "budgetHotel": 100000,
      "budgetFood": 60000,
      "budgetTransport": 20000,
      "budgetActivities": 70000,
      "budgetOther": 5000,
      "homeCurrency": "GBP",
      "destination": "Netherlands",
      "dates": {
        "startDate": 1719356400000,
        "endDate": 1722294000000,
        "startDateIncluded": true,
        "endDateIncluded": false
      }
    },
    "splits": [],
    "expenses": [
      {
        "id": "expense_A2rdJ7nN8kJ3fHA25T4gd",
        "sharedId": "shared_A2rdJ7nN8kJ3fHA25T4gd",
        "amount": {
          "fromValue": 2000,
          "fromCurrency": "EUR",
          "toCurrency": "GBP",
          "toValue": 2500
        },
        "category": "Food",
        "description": "lunch",
        "date": 1719442800000,
        "completed": true,
        "split": false
      },
      {
        "id": "expense_A3rdJ7nN8kJ3fHA25T4gd",
        "sharedId": "shared_A2rdJ7nN8kJ3fHA25T4gd",
        "amount": {
          "fromValue": 2000,
          "fromCurrency": "EUR",
          "toCurrency": "GBP",
          "toValue": 2500
        },
        "category": "Food",
        "description": "lunch",
        "date": 1719356400000,
        "completed": true,
        "split": false
      },
      {
        "id": "expense_A4rdJ7nN8kJ3fHA25T4gd",
        "sharedId": "shared_A2rdJ7nN8kJ3fHA25T4gd",
        "amount": {
          "fromValue": 2000,
          "fromCurrency": "EUR",
          "toCurrency": "GBP",
          "toValue": 2500
        },
        "category": "Food",
        "description": "lunch",
        "date": 1719442800000,
        "completed": true,
        "split": false
      },
      {
        "id": "expense_A5rdJ7nN8kJ3fHA25T4gd",
        "sharedId": "shared_A2rdJ7nN8kJ3fHA25T4gd",
        "amount": {
          "fromValue": 2000,
          "fromCurrency": "EUR",
          "toCurrency": "GBP",
          "toValue": 2500
        },
        "category": "Food",
        "description": "lunch",
        "date": 1719529200000,
        "completed": true,
        "split": false
      },
      {
        "id": "expense_A6rdJ7nN8kJ3fHA25T4gd",
        "sharedId": "shared_A2rdJ7nN8kJ3fHA25T4gd",
        "amount": {
          "fromValue": 2000,
          "fromCurrency": "EUR",
          "toCurrency": "GBP",
          "toValue": 2500
        },
        "category": "Food",
        "description": "lunch",
        "date": 1719615600000,
        "completed": true,
        "split": false
      },
      {
        "id": "expense_A7rdJ7nN8kJ3fHA25T4gd",
        "sharedId": "shared_A2rdJ7nN8kJ3fHA25T4gd",
        "amount": {
          "fromValue": 2000,
          "fromCurrency": "EUR",
          "toCurrency": "GBP",
          "toValue": 2500
        },
        "category": "Food",
        "description": "lunch",
        "date": 1719702000000,
        "completed": true,
        "split": false
      },
      {
        "id": "expense_A8rdJ7nN8kJ3fHA25T4gd",
        "sharedId": "shared_A2rdJ7nN8kJ3fHA25T4gd",
        "amount": {
          "fromValue": 2000,
          "fromCurrency": "EUR",
          "toCurrency": "GBP",
          "toValue": 2500
        },
        "category": "Food",
        "description": "lunch",
        "date": 1719788400000,
        "completed": true,
        "split": false
      },
      {
        "id": "expense_A9rdJ7nN8kJ3fHA25T4gd",
        "sharedId": "shared_A2rdJ7nN8kJ3fHA25T4gd",
        "amount": {
          "fromValue": 2000,
          "fromCurrency": "EUR",
          "toCurrency": "GBP",
          "toValue": 2500
        },
        "category": "Food",
        "description": "lunch",
        "date": 1719874800000,
        "completed": true,
        "split": false
      },
      {
        "id": "expense_A9rdJ7nN8kJ3fHA25T5gd",
        "sharedId": "shared_A2rdJ7nN8kJ3fHA25T4gd",
        "amount": {
          "fromValue": 2000,
          "fromCurrency": "EUR",
          "toCurrency": "GBP",
          "toValue": 2500
        },
        "category": "Food",
        "description": "lunch",
        "date": 1719961200000,
        "completed": true,
        "split": false
      },
      {
        "id": "expense_A9rdJ7nN8kJ3fHA25T6gd",
        "sharedId": "shared_A2rdJ7nN8kJ3fHA25T4gd",
        "amount": {
          "fromValue": 2000,
          "fromCurrency": "EUR",
          "toCurrency": "GBP",
          "toValue": 2500
        },
        "category": "Food",
        "description": "lunch",
        "date": 1720047600000,
        "completed": true,
        "split": false
      },
      {
        "id": "expense_A9rdJ7nN8kJ3fHA25T7gd",
        "sharedId": "shared_A2rdJ7nN8kJ3fHA25T4gd",
        "amount": {
          "fromValue": 2000,
          "fromCurrency": "EUR",
          "toCurrency": "GBP",
          "toValue": 2500
        },
        "category": "Food",
        "description": "lunch",
        "date": 1720134000000,
        "completed": true,
        "split": false
      },
      {
        "id": "expense_A9rdJ7nN8kJ3fHA25T8gd",
        "sharedId": "shared_A2rdJ7nN8kJ3fHA25T4gd",
        "amount": {
          "fromValue": 2000,
          "fromCurrency": "EUR",
          "toCurrency": "GBP",
          "toValue": 2500
        },
        "category": "Food",
        "description": "lunch",
        "date": 1720220400000,
        "completed": true,
        "split": false
      },
      {
        "id": "expense_A9rdJ7nN8kJ3fHA25T9gd",
        "sharedId": "shared_A2rdJ7nN8kJ3fHA25T4gd",
        "amount": {
          "fromValue": 2000,
          "fromCurrency": "EUR",
          "toCurrency": "GBP",
          "toValue": 2500
        },
        "category": "Food",
        "description": "lunch",
        "date": 1720306800000,
        "completed": true,
        "split": false
      },
      {
        "id": "expense_A2sdJ7nN8kJ3fHA25T4gd",
        "amount": {
          "fromValue": 4000,
          "fromCurrency": "EUR",
          "toCurrency": "GBP",
          "toValue": 5000
        },
        "category": "Other",
        "description": "dress",
        "date": 1719615600000,
        "completed": true,
        "split": false
      },
      {
        "id": "expense_A2rdJ7nN8kJ3fHA25T4ga",
        "amount": {
          "fromValue": 500,
          "fromCurrency": "EUR",
          "toCurrency": "GBP",
          "toValue": 600
        },
        "category": "Food",
        "description": "waffle",
        "date": 1719788400000,
        "completed": true,
        "split": false
      },
      {
        "id": "expense_A2rdJ7nN8kJ3fHA25T4gb",
        "amount": {
          "fromValue": 1499,
          "fromCurrency": "USD",
          "toCurrency": "GBP",
          "toValue": 1995
        },
        "category": "Food",
        "description": "",
        "date": 1719615600000,
        "completed": true,
        "split": false
      },
      {
        "id": "expense_A2rdJ7nN8kJ3fHA25T4gc",
        "amount": {
          "fromValue": 1500,
          "fromCurrency": "EUR",
          "toCurrency": "GBP",
          "toValue": 2500
        },
        "category": "Activities",
        "description": "movies",
        "date": 1719615600000,
        "completed": true,
        "split": false
      },
      {
        "id": "expense_A1rdJ7nN8kJ3fHA25T4ge",
        "sharedId": "shared_A1rdJ7nN8kJ3fHA25T4ge",
        "amount": {
          "fromValue": 2000,
          "fromCurrency": "EUR",
          "toCurrency": "GBP",
          "toValue": 2200
        },
        "category": "Hotel",
        "description": "hotel Amsterdam",
        "date": 1719442800000,
        "completed": true,
        "split": false
      },
      {
        "id": "expense_A2rdJ7nN8kJ3fHA25T4ge",
        "sharedId": "shared_A1rdJ7nN8kJ3fHA25T4ge",
        "amount": {
          "fromValue": 2000,
          "fromCurrency": "EUR",
          "toCurrency": "GBP",
          "toValue": 2200
        },
        "category": "Hotel",
        "description": "hotel Amsterdam",
        "date": 1719788400000,
        "completed": true,
        "split": false
      },
      {
        "id": "expense_A3rdJ7nN8kJ3fHA25T4ge",
        "sharedId": "shared_A1rdJ7nN8kJ3fHA25T4ge",
        "amount": {
          "fromValue": 2000,
          "fromCurrency": "EUR",
          "toCurrency": "GBP",
          "toValue": 2200
        },
        "category": "Hotel",
        "description": "hotel Amsterdam",
        "date": 1719615600000,
        "completed": true,
        "split": false
      },
      {
        "id": "expense_A4rdJ7nN8kJ3fHA25T4ge",
        "sharedId": "shared_A1rdJ7nN8kJ3fHA25T4ge",
        "amount": {
          "fromValue": 2000,
          "fromCurrency": "EUR",
          "toCurrency": "GBP",
          "toValue": 2200
        },
        "category": "Hotel",
        "description": "hotel Amsterdam",
        "date": 1719529200000,
        "completed": true,
        "split": false
      },
      {
        "id": "expense_A5rdJ7nN8kJ3fHA25T4ge",
        "sharedId": "shared_A1rdJ7nN8kJ3fHA25T4ge",
        "amount": {
          "fromValue": 2000,
          "fromCurrency": "EUR",
          "toCurrency": "GBP",
          "toValue": 2200
        },
        "category": "Hotel",
        "description": "hotel Amsterdam",
        "date": 1719356400000,
        "completed": true,
        "split": false
      },
      {
        "id": "expense_A2rdJ7nN8kJ3fHA25T4gf",
        "sharedId": "shared_A2rdJ7nN8kJ3fHA25T4gf",
        "amount": {
          "fromValue": 1500,
          "fromCurrency": "EUR",
          "toCurrency": "GBP",
          "toValue": 2000
        },
        "category": "Hotel",
        "description": "hotel Utrecht",
        "date": 1719961200000,
        "completed": true,
        "split": false
      },
      {
        "id": "expense_A3rdJ7nN8kJ3fHA25T4gf",
        "sharedId": "shared_A2rdJ7nN8kJ3fHA25T4gf",
        "amount": {
          "fromValue": 1500,
          "fromCurrency": "EUR",
          "toCurrency": "GBP",
          "toValue": 2000
        },
        "category": "Hotel",
        "description": "hotel Utrecht",
        "date": 1720220400000,
        "completed": true,
        "split": false
      },
      {
        "id": "expense_A4rdJ7nN8kJ3fHA25T4gf",
        "sharedId": "shared_A2rdJ7nN8kJ3fHA25T4gf",
        "amount": {
          "fromValue": 1500,
          "fromCurrency": "EUR",
          "toCurrency": "GBP",
          "toValue": 2000
        },
        "category": "Hotel",
        "description": "hotel Utrecht",
        "date": 1719961200000,
        "completed": true,
        "split": false
      },
      {
        "id": "expense_A5rdJ7nN8kJ3fHA25T4gf",
        "sharedId": "shared_A2rdJ7nN8kJ3fHA25T4gf",
        "amount": {
          "fromValue": 1500,
          "fromCurrency": "EUR",
          "toCurrency": "GBP",
          "toValue": 2000
        },
        "category": "Hotel",
        "description": "hotel Utrecht",
        "date": 1720047600000,
        "completed": true,
        "split": false
      },
      {
        "id": "expense_A2rdJ7nN8kJ3fHA25T4gg",
        "amount": {
          "fromValue": 1250,
          "fromCurrency": "EUR",
          "toCurrency": "GBP",
          "toValue": 1468
        },
        "category": "Transport",
        "description": "train to Utrecht",
        "date": 1719442800000,
        "completed": true,
        "split": false
      },
      {
        "id": "expense_A2rdJ7nN8kJ3fHA25T4gh",
        "amount": {
          "fromValue": 500,
          "fromCurrency": "EUR",
          "toCurrency": "GBP",
          "toValue": 620
        },
        "category": "Food",
        "description": "coffe and coockie",
        "date": 1719615600000,
        "completed": true,
        "split": false
      },
      {
        "id": "expense_A2rdJ7nN8kJ3fHA25T4gi",
        "amount": {
          "fromValue": 2999,
          "fromCurrency": "EUR",
          "toCurrency": "GBP",
          "toValue": 3657
        },
        "category": "Activities",
        "description": "paleis op de dam",
        "date": 1719442800000,
        "completed": true,
        "split": false
      },
      {
        "id": "expense_A2rdJ7nN8kJ3fHA25T4gj",
        "amount": {
          "fromValue": 250,
          "fromCurrency": "EUR",
          "toCurrency": "GBP",
          "toValue": 300
        },
        "category": "Transport",
        "description": "bus to museum",
        "date": 1719529200000,
        "completed": true,
        "split": false
      },
      {
        "id": "expense_A2rdJ7nN8kJ3fHA25T4gk",
        "amount": {
          "fromValue": 1000,
          "fromCurrency": "EUR",
          "toCurrency": "GBP",
          "toValue": 1200
        },
        "category": "Activities",
        "description": "dom museum",
        "date": 1719529200000,
        "completed": true,
        "split": false
      },
      {
        "id": "expense_A2rdJ7nN8kJ3fHA25T4gl",
        "amount": {
          "fromValue": 6538,
          "fromCurrency": "EUR",
          "toCurrency": "GBP",
          "toValue": 7934
        },
        "category": "Food",
        "description": "Dinner at square",
        "date": 1719442800000,
        "completed": true,
        "split": false
      },
      {
        "id": "expense_A2rdJ7nN8kJ3fHA25T4gm",
        "amount": {
          "fromValue": 500,
          "fromCurrency": "EUR",
          "toCurrency": "GBP",
          "toValue": 600
        },
        "category": "Transport",
        "description": "rent bike",
        "date": 1719529200000,
        "completed": true,
        "split": false
      },
      {
        "id": "expense_A2rdJ7nN8kJ3fHA25T4gn",
        "amount": {
          "fromValue": 995,
          "fromCurrency": "EUR",
          "toCurrency": "GBP",
          "toValue": 1287
        },
        "category": "Food",
        "description": "Sandwich",
        "date": 1719874800000,
        "completed": true,
        "split": false
      },
      {
        "id": "expense_A2rdJ7nN8kJ3fHA25T4go",
        "amount": {
          "fromValue": 950,
          "fromCurrency": "EUR",
          "toCurrency": "GBP",
          "toValue": 1065
        },
        "category": "Other",
        "description": "souvenir",
        "date": 1719874800000,
        "completed": true,
        "split": false
      },
      {
        "id": "expense_A2rdJ7nN8kJ3fHA25T4gp",
        "amount": {
          "fromValue": 4265,
          "fromCurrency": "EUR",
          "toCurrency": "GBP",
          "toValue": 5394
        },
        "category": "Food",
        "description": "Italian",
        "date": 1719874800000,
        "completed": true,
        "split": false
      },
      {
        "id": "expense_A2rdJ7nN8kJ3fHA25T4gq",
        "amount": {
          "fromValue": 8000,
          "fromCurrency": "EUR",
          "toCurrency": "GBP",
          "toValue": 9536
        },
        "category": "Hotel",
        "description": "hotel The Hague",
        "date": 1719874800000,
        "completed": true,
        "split": false
      },
      {
        "id": "expense_A2rdJ7nN8kJ3fHA25T4gr",
        "amount": {
          "fromValue": 368,
          "fromCurrency": "EUR",
          "toCurrency": "GBP",
          "toValue": 459
        },
        "category": "Transport",
        "description": "metro",
        "date": 1719788400000,
        "completed": true,
        "split": false
      },
      {
        "id": "expense_A2rdJ7nN8kJ3fHA25T4gs",
        "amount": {
          "fromValue": 2500,
          "fromCurrency": "EUR",
          "toCurrency": "GBP",
          "toValue": 3000
        },
        "category": "Food",
        "description": "lunch at beach",
        "date": 1719788400000,
        "completed": true,
        "split": false
      },
      {
        "id": "expense_A2rdJ7nN8kJ3fHA25T4gt",
        "amount": {
          "fromValue": 13500,
          "fromCurrency": "EUR",
          "toCurrency": "GBP",
          "toValue": 18900
        },
        "category": "Activities",
        "description": "bungee jumping",
        "date": 1719788400000,
        "completed": true,
        "split": false
      },
      {
        "id": "expense_A1rdJ7nS8kJ3fHA25T4gf",
        "sharedId": "shared_A1rdJ7nS8kJ3fHA25T4gf",
        "amount": {
          "fromValue": 4000,
          "fromCurrency": "EUR",
          "toCurrency": "GBP",
          "toValue": 5000
        },
        "category": "Hotel",
        "description": "hotel Groningen",
        "date": 1720220400000,
        "completed": true,
        "split": false
      },
      {
        "id": "expense_A2rdJ7nS8kJ3fHA25T4gf",
        "sharedId": "shared_A1rdJ7nS8kJ3fHA25T4gf",
        "amount": {
          "fromValue": 4000,
          "fromCurrency": "EUR",
          "toCurrency": "GBP",
          "toValue": 5000
        },
        "category": "Hotel",
        "description": "hotel Groningen",
        "date": 1720306800000,
        "completed": true,
        "split": false
      },
      {
        "id": "expense_A3rdJ7nS8kJ3fHA25T4gf",
        "sharedId": "shared_A1rdJ7nS8kJ3fHA25T4gf",
        "amount": {
          "fromValue": 4000,
          "fromCurrency": "EUR",
          "toCurrency": "GBP",
          "toValue": 5000
        },
        "category": "Hotel",
        "description": "hotel Groningen",
        "date": 1720393200000,
        "completed": true,
        "split": false
      },
      {
        "id": "expense_A4rdJ7nS8kJ3fHA25T4gf",
        "sharedId": "shared_A1rdJ7nS8kJ3fHA25T4gf",
        "amount": {
          "fromValue": 4000,
          "fromCurrency": "EUR",
          "toCurrency": "GBP",
          "toValue": 5000
        },
        "category": "Hotel",
        "description": "hotel Groningen",
        "date": 1720479600000,
        "completed": true,
        "split": false
      },
      {
        "id": "expense_A5rdJ7nS8kJ3fHA25T4gf",
        "sharedId": "shared_A1rdJ7nS8kJ3fHA25T4gf",
        "amount": {
          "fromValue": 4000,
          "fromCurrency": "EUR",
          "toCurrency": "GBP",
          "toValue": 5000
        },
        "category": "Hotel",
        "description": "hotel Groningen",
        "date": 1720566000000,
        "completed": true,
        "split": false
      },
      {
        "id": "expense_A6rdJ7nS8kJ3fHA25T4gf",
        "amount": {
          "fromValue": 4000,
          "fromCurrency": "EUR",
          "toCurrency": "GBP",
          "toValue": 5000
        },
        "category": "Transport",
        "description": "train to airport",
        "date": 1721343600000,
        "completed": true,
        "split": false
      }
    ]
  },
  {
    "id": "trip_B2rdJ7nN8kJ3fHA25T4gd",
    "details": {
      "budgetTotal": 150000,
      "budgetHotel": 50000,
      "budgetFood": 30000,
      "budgetTransport": 20000,
      "budgetActivities": 40000,
      "budgetOther": 5000,
      "homeCurrency": "GBP",
      "destination": "Thailand",
      "dates": {
        "startDate": 1720911600000,
        "endDate": 1721343600000,
        "startDateIncluded": true,
        "endDateIncluded": true
      }
    },
    "splits": [
      {
        "amount": {
          "fromValue": 2500,
          "fromCurrency": "THB",
          "toCurrency": "GBP",
          "toValue": 1000
        },
        "name": "Manzi",
        "paid": false,
        "expenseId": "expense_A2rdJ7nN8kJ3gHA25T4gd",
        "id": "billSplit_A2rdJ7nN8kJ3gHA25T4gd",
        "description": "Day at beach",
        "date": 1720911600000
      },
      {
        "amount": {
          "fromValue": 2500,
          "fromCurrency": "THB",
          "toCurrency": "GBP",
          "toValue": 1000
        },
        "name": "Zahra",
        "paid": true,
        "expenseId": "expense_A2rdJ7nN8kJ3gHA25T4gd",
        "id": "billSplit_A3rdJ7nN8kJ3gHA25T4gd",
        "description": "Day at beach",
        "date": 1720911600000
      },
      {
        "amount": {
          "fromValue": 2500,
          "fromCurrency": "THB",
          "toCurrency": "GBP",
          "toValue": 1000
        },
        "name": "Jack",
        "paid": true,
        "expenseId": "expense_A2rdJ7nN8kJ3gHA25T4gd",
        "id": "billSplit_A4rdJ7nN8kJ3gHA25T4gd",
        "description": "Day at beach",
        "date": 1720911600000
      },
      {
        "amount": {
          "fromValue": 2500,
          "fromCurrency": "THB",
          "toCurrency": "GBP",
          "toValue": 1000
        },
        "name": "Russell",
        "paid": false,
        "expenseId": "expense_A2rdJ7nN8kJ3gHA25T4gd",
        "id": "billSplit_A5rdJ7nN8kJ3gHA25T4gd",
        "description": "Day at beach",
        "date": 1720911600000
      },
      {
        "amount": {
          "fromValue": 2500,
          "fromCurrency": "THB",
          "toCurrency": "GBP",
          "toValue": 1000
        },
        "name": "Manzi",
        "paid": false,
        "expenseId": "expense_A5rdJ7nM8kJ3gHA25T4gd",
        "id": "billSplit_A5rdJ7nM8kJ3gHA25T5gd",
        "description": "lego tour",
        "date": 1720998000000
      },
      {
        "amount": {
          "fromValue": 2500,
          "fromCurrency": "THB",
          "toCurrency": "GBP",
          "toValue": 1000
        },
        "name": "Zahra",
        "paid": true,
        "expenseId": "expense_A5rdJ7nM8kJ3gHA25T4gd",
        "id": "billSplit_A5rdJ7nM8kJ3gHA25T6gd",
        "description": "lego tour",
        "date": 1720998000000
      },
      {
        "amount": {
          "fromValue": 2500,
          "fromCurrency": "THB",
          "toCurrency": "GBP",
          "toValue": 1000
        },
        "name": "Jack",
        "paid": true,
        "expenseId": "expense_A5rdJ7nM8kJ3gHA25T4gd",
        "id": "billSplit_A5rdJ7nM8kJ3gHA25T7gd",
        "description": "lego tour",
        "date": 1720998000000
      },
      {
        "amount": {
          "fromValue": 2500,
          "fromCurrency": "THB",
          "toCurrency": "GBP",
          "toValue": 1000
        },
        "name": "Russell",
        "paid": false,
        "expenseId": "expense_A5rdJ7nM8kJ3gHA25T4gd",
        "id": "billSplit_A5rdJ7nM8kJ3gHA25T8gd",
        "description": "lego tour",
        "date": 1720998000000
      }
    ],
    "expenses": [
      {
        "id": "expense_A2rdJ7nN8kJ3gHA25T4gd",
        "amount": {
          "fromValue": 12500,
          "fromCurrency": "THB",
          "toCurrency": "GBP",
          "toValue": 5000
        },
        "category": "Activities",
        "description": "Day at beach",
        "date": 1720911600000,
        "completed": true,
        "split": true
      },
      {
        "id": "expense_A5rdJ7nM8kJ3gHA25T4gd",
        "amount": {
          "fromValue": 12500,
          "fromCurrency": "THB",
          "toCurrency": "GBP",
          "toValue": 5000
        },
        "category": "Activities",
        "description": "lego tour",
        "date": 1720998000000,
        "completed": true,
        "split": true
      },
      {
        "id": "expense_A2rdJ7nN8kJ3fHA25T4gd",
        "amount": {
          "fromValue": 2000,
          "fromCurrency": "THB",
          "toCurrency": "GBP",
          "toValue": 2500
        },
        "category": "Food",
        "description": "lunch",
        "date": 1720911600000,
        "completed": true,
        "split": false
      },
      {
        "id": "expense_B2rdJ7nN8kJ3fHA25T4gd",
        "amount": {
          "fromValue": 500,
          "fromCurrency": "THB",
          "toCurrency": "GBP",
          "toValue": 600
        },
        "category": "Food",
        "description": "waffle",
        "date": 1720911600000,
        "completed": true,
        "split": false
      },
      {
        "id": "expense_C2rdJ7nN8kJ3fHA25T4gd",
        "amount": {
          "fromValue": 1499,
          "fromCurrency": "USD",
          "toCurrency": "GBP",
          "toValue": 1995
        },
        "category": "Food",
        "description": "",
        "date": 1720911600000,
        "completed": true,
        "split": false
      },
      {
        "id": "expense_D2rdJ7nN8kJ3fHA25T4gd",
        "amount": {
          "fromValue": 1500,
          "fromCurrency": "THB",
          "toCurrency": "GBP",
          "toValue": 2500
        },
        "category": "Activities",
        "description": "movies",
        "date": 1720911600000,
        "completed": true,
        "split": false
      },
      {
        "id": "expense_E2rdJ7nN8kJ3fHA25T4gd",
        "amount": {
          "fromValue": 100000,
          "fromCurrency": "THB",
          "toCurrency": "GBP",
          "toValue": 12000
        },
        "category": "Hotel",
        "description": "hotel Amsterdam",
        "date": 1720911600000,
        "completed": true,
        "split": false
      },
      {
        "id": "expense_F2rdJ7nN8kJ3fHA25T4gd",
        "amount": {
          "fromValue": 15000,
          "fromCurrency": "THB",
          "toCurrency": "GBP",
          "toValue": 20000
        },
        "category": "Hotel",
        "description": "hotel Utrecht",
        "date": 1720911600000,
        "completed": true,
        "split": false
      },
      {
        "id": "expense_H2rdJ7nN8kJ3fHA25T4gd",
        "amount": {
          "fromValue": 1250,
          "fromCurrency": "THB",
          "toCurrency": "GBP",
          "toValue": 1468
        },
        "category": "Transport",
        "description": "train to Utrecht",
        "date": 1721084400000,
        "completed": true,
        "split": false
      },
      {
        "id": "expense_G2rdJ7nN8kJ3fHA25T4gd",
        "amount": {
          "fromValue": 500,
          "fromCurrency": "THB",
          "toCurrency": "GBP",
          "toValue": 620
        },
        "category": "Food",
        "description": "coffe and coockie",
        "date": 1721084400000,
        "completed": true,
        "split": false
      },
      {
        "id": "expense_I2rdJ7nN8kJ3fHA25T4gd",
        "amount": {
          "fromValue": 2999,
          "fromCurrency": "THB",
          "toCurrency": "GBP",
          "toValue": 3657
        },
        "category": "Activities",
        "description": "paleis op de dam",
        "date": 1721084400000,
        "completed": true,
        "split": false
      },
      {
        "id": "expense_J2rdJ7nN8kJ3fHA25T4gd",
        "amount": {
          "fromValue": 250,
          "fromCurrency": "THB",
          "toCurrency": "GBP",
          "toValue": 300
        },
        "category": "Transport",
        "description": "bus to museum",
        "date": 1721170800000,
        "completed": true,
        "split": false
      },
      {
        "id": "expense_K2rdJ7nN8kJ3fHA25T4gd",
        "amount": {
          "fromValue": 1000,
          "fromCurrency": "THB",
          "toCurrency": "GBP",
          "toValue": 1200
        },
        "category": "Activities",
        "description": "dom museum",
        "date": 1721170800000,
        "completed": true,
        "split": false
      },
      {
        "id": "expense_L2rdJ7nN8kJ3fHA25T4gd",
        "amount": {
          "fromValue": 6538,
          "fromCurrency": "THB",
          "toCurrency": "GBP",
          "toValue": 7934
        },
        "category": "Food",
        "description": "Dinner at square",
        "date": 1721170800000,
        "completed": true,
        "split": false
      },
      {
        "id": "expense_M2rdJ7nN8kJ3fHA25T4gd",
        "amount": {
          "fromValue": 500,
          "fromCurrency": "THB",
          "toCurrency": "GBP",
          "toValue": 600
        },
        "category": "Transport",
        "description": "rent bike",
        "date": 1721257200000,
        "completed": true,
        "split": false
      },
      {
        "id": "expense_N2rdJ7nN8kJ3fHA25T4gd",
        "amount": {
          "fromValue": 995,
          "fromCurrency": "THB",
          "toCurrency": "GBP",
          "toValue": 1287
        },
        "category": "Food",
        "description": "Sandwich",
        "date": 1721257200000,
        "completed": true,
        "split": false
      },
      {
        "id": "expense_O2rdJ7nN8kJ3fHA25T4gd",
        "amount": {
          "fromValue": 950,
          "fromCurrency": "THB",
          "toCurrency": "GBP",
          "toValue": 1065
        },
        "category": "Other",
        "description": "souvenir",
        "date": 1721257200000,
        "completed": true,
        "split": false
      },
      {
        "id": "expense_P2rdJ7nN8kJ3fHA25T4gd",
        "amount": {
          "fromValue": 4265,
          "fromCurrency": "THB",
          "toCurrency": "GBP",
          "toValue": 5394
        },
        "category": "Food",
        "description": "Italian",
        "date": 1721257200000,
        "completed": true,
        "split": false
      },
      {
        "id": "expense_Q2rdJ7nN8kJ3fHA25T4gd",
        "amount": {
          "fromValue": 8000,
          "fromCurrency": "THB",
          "toCurrency": "GBP",
          "toValue": 9536
        },
        "category": "Hotel",
        "description": "hotel The Hague",
        "date": 1721343600000,
        "completed": true,
        "split": false
      },
      {
        "id": "expense_R2rdJ7nN8kJ3fHA25T4gd",
        "amount": {
          "fromValue": 368,
          "fromCurrency": "THB",
          "toCurrency": "GBP",
          "toValue": 459
        },
        "category": "Transport",
        "description": "metro",
        "date": 1721343600000,
        "completed": true,
        "split": false
      },
      {
        "id": "expense_S2rdJ7nN8kJ3fHA25T4gd",
        "amount": {
          "fromValue": 2500,
          "fromCurrency": "THB",
          "toCurrency": "GBP",
          "toValue": 3000
        },
        "category": "Food",
        "description": "lunch at beach",
        "date": 1721343600000,
        "completed": true,
        "split": false
      },
      {
        "id": "expense_T2rdJ7nN8kJ3fHA25T4gd",
        "amount": {
          "fromValue": 13500,
          "fromCurrency": "THB",
          "toCurrency": "GBP",
          "toValue": 18900
        },
        "category": "Activities",
        "description": "bungee jumping",
        "date": 1721343600000,
        "completed": true,
        "split": false
      }
    ]
  }
]
